<?xml version="1.0"?>
<Collaborators>
  <Collaborator>
    <FirstName>John</FirstName>
    <LastName>Smitch</LastName>
    <Address>90 South St, Murdoch WA 6150</Address>
    <Contact>9360 6000</Contact>
    <Availability>24/7</Availability>
    <AdditionalInfo>None</AdditionalInfo>
  </Collaborator>
  <Collaborator>
    <FirstName>Testy</FirstName>
    <LastName>Test</LastName>
    <Address>2 Wellington Way WA 6021</Address>
    <Contact>9360 6002</Contact>
    <Availability>Mondays 9:00am - 5:00pm</Availability>
    <AdditionalInfo>Can cook and other tasks if needed</AdditionalInfo>
  </Collaborator>
  <Collaborator>
    <FirstName>Jake</FirstName>
    <LastName>Smitch</LastName>
    <Address>2 Wellington Way, WA 6021</Address>
    <Contact>9360 6002</Contact>
    <Availability>24/7</Availability>
    <AdditionalInfo>None</AdditionalInfo>
  </Collaborator>
  <Collaborator>
    <FirstName>John</FirstName>
    <LastName>Smitch</LastName>
    <Address>2 Wellington Way</Address>
    <Contact>9360 6002</Contact>
    <Availability>24/7</Availability>
    <AdditionalInfo>None</AdditionalInfo>
  </Collaborator>
</Collaborators>